{
    "feature name": "Spectral Bandwidth",
    "value": {
        "ads": {
            "ads_0": 1515.5681388595137,
            "ads_1": 1067.5583262004307
        },
        "cartoon": {
            "cartoon_0": 1833.8513511056606,
            "cartoon_1": 1965.6285361069888
        },
        "concert": {
            "concert_0": 878.3469630049285
        },
        "interview": {
            "interview_0": 1525.4438030638883,
            "interview_1": 1198.5915965370843
        },
        "movies": {
            "movies_0": 1121.1904032580853,
            "movies_1": 742.8605835292938
        },
        "sport": {
            "sport_0": 1153.7674445358598
        }
    }
}