{
    "feature name": "Spectral centroid",
    "value": {
        "ads": {
            "ads_0": 1365.1386781637534,
            "ads_1": 877.2947592344643
        },
        "cartoon": {
            "cartoon_0": 1799.1235735012583,
            "cartoon_1": 1702.9290363792584
        },
        "concert": {
            "concert_0": 674.7296231005372
        },
        "interview": {
            "interview_0": 1077.2316423556558,
            "interview_1": 1145.5282073626215
        },
        "movies": {
            "movies_0": 389.6404854298373,
            "movies_1": 405.90376343791763
        },
        "sport": {
            "sport_0": 1139.418512498283
        }
    }
}