{
    "feature name": "Root mean square energy(volume)",
    "value": {
        "ads": {
            "ads_0": 0.03921749258352287,
            "ads_1": 0.036703751517437024
        },
        "cartoon": {
            "cartoon_0": 0.020194550420563204,
            "cartoon_1": 0.025834782345002364
        },
        "concert": {
            "concert_0": 0.04340902641513003
        },
        "interview": {
            "interview_0": 0.03795541253571064,
            "interview_1": 0.037414169154812583
        },
        "movies": {
            "movies_0": 0.00469402700465363,
            "movies_1": 0.03408889163865609
        },
        "sport": {
            "sport_0": 0.05132249299326413
        }
    }
}