{
    "feature name": "Spectral Rolloff",
    "value": {
        "ads": {
            "ads_0": 2678.049814333963,
            "ads_1": 1685.4955217714992
        },
        "cartoon": {
            "cartoon_0": 3500.465526946543,
            "cartoon_1": 3915.752304937173
        },
        "concert": {
            "concert_0": 1209.6254959416763
        },
        "interview": {
            "interview_0": 2175.3915329023826,
            "interview_1": 2055.0383191549245
        },
        "movies": {
            "movies_0": 379.3272046139599,
            "movies_1": 624.4879146844131
        },
        "sport": {
            "sport_0": 2011.208679092824
        }
    }
}