{
    "feature name": "Volume Dynamic Range",
    "value": {
        "ads": {
            "ads_0": 0.8311597873003055,
            "ads_1": 0.6923870834020468
        },
        "cartoon": {
            "cartoon_0": 0.6907707651456197,
            "cartoon_1": 0.7068171256627792
        },
        "concert": {
            "concert_0": 0.6292546613094134
        },
        "interview": {
            "interview_0": 0.8586907745935978,
            "interview_1": 0.9505378344120123
        },
        "movies": {
            "movies_0": 0.6380286170886114,
            "movies_1": 0.48759785485573304
        },
        "sport": {
            "sport_0": 0.7065535065455314
        }
    }
}