{
    "feature name": "Volume Standard deviation",
    "value": {
        "ads": {
            "ads_0": 0.2272344988126021,
            "ads_1": 0.18419393190206626
        },
        "cartoon": {
            "cartoon_0": 0.184740512798994,
            "cartoon_1": 0.18576619697686952
        },
        "concert": {
            "concert_0": 0.16276525075619036
        },
        "interview": {
            "interview_0": 0.25529391586016387,
            "interview_1": 0.286323789984752
        },
        "movies": {
            "movies_0": 0.15509467247204903,
            "movies_1": 0.12697831206978896
        },
        "sport": {
            "sport_0": 0.198498560832097
        }
    }
}