{
    "feature name": "Zero Crossing Rate",
    "value": {
        "ads": {
            "ads_0": 0.06599031722109239,
            "ads_1": 0.040434000036316094
        },
        "cartoon": {
            "cartoon_0": 0.09115453406449739,
            "cartoon_1": 0.07559535698721674
        },
        "concert": {
            "concert_0": 0.03388291690877397
        },
        "interview": {
            "interview_0": 0.04751393630156885,
            "interview_1": 0.06729258970075537
        },
        "movies": {
            "movies_0": 0.009468854408773968,
            "movies_1": 0.015886589373910517
        },
        "sport": {
            "sport_0": 0.06746168651946542
        }
    }
}