{
    "feature name": "Spectral Bandwidth",
    "value": {
        "ads": {
            "ads_0": 1735.0214819911985,
            "ads_1": 1190.5923812628148,
            "ads_2": 1582.3162745467257,
            "ads_3": 1424.0161051372004
        },
        "cartoon": {
            "cartoon_0": 1277.1980100604744,
            "cartoon_1": 1247.6298166164995,
            "cartoon_2": 801.7912465765758,
            "cartoon_3": 1197.8620950132847,
            "cartoon_4": 607.3031140676314
        },
        "concerts": {
            "concerts_0": 804.7972878277063,
            "concerts_1": 527.9153544963485,
            "concerts_2": 1239.038245128197,
            "concerts_3": 530.6715189762814
        },
        "interview": {
            "interview_0": 1641.925717748026,
            "interview_1": 1112.7312626813982,
            "interview_2": 1223.0697293729163,
            "interview_3": 1080.7170403355856,
            "interview_4": 1396.911204530438,
            "interview_5": 1266.4767394734076
        },
        "movies": {
            "movies_0": 1593.7095428546406,
            "movies_1": 1419.7114855262782,
            "movies_2": 1224.1124073138888,
            "movies_3": 1458.9777311956511,
            "movies_4": 1454.7191248352137
        },
        "sport": {
            "sport_0": 1180.897086460808,
            "sport_1": 1004.2199967840463,
            "sport_2": 978.4036846685691,
            "sport_3": 1502.7834732842202,
            "sport_4": 1341.8438397634945,
            "sport_5": 1378.36694365774
        }
    }
}