{
    "feature name": "Spectral centroid",
    "value": {
        "ads": {
            "ads_0": 1928.3948654679375,
            "ads_1": 1141.6570133788769,
            "ads_2": 1305.5929592910022,
            "ads_3": 1132.662698108476
        },
        "cartoon": {
            "cartoon_0": 1030.2142084075458,
            "cartoon_1": 1125.1924310226457,
            "cartoon_2": 652.4399902701596,
            "cartoon_3": 1036.240443823614,
            "cartoon_4": 452.5411244464859
        },
        "concerts": {
            "concerts_0": 496.47049533390043,
            "concerts_1": 400.1839236636002,
            "concerts_2": 871.3920214672883,
            "concerts_3": 420.4495936157097
        },
        "interview": {
            "interview_0": 1346.376492090883,
            "interview_1": 1139.512720541112,
            "interview_2": 838.7324768911152,
            "interview_3": 956.716321318209,
            "interview_4": 1113.3408731714812,
            "interview_5": 836.9654751936719
        },
        "movies": {
            "movies_0": 1161.0349414979685,
            "movies_1": 1189.288999704029,
            "movies_2": 846.7011149035407,
            "movies_3": 850.4617285453162,
            "movies_4": 1068.2106305278326
        },
        "sport": {
            "sport_0": 1049.6559613121242,
            "sport_1": 1018.9843645204752,
            "sport_2": 1154.922268577822,
            "sport_3": 1186.6963947785587,
            "sport_4": 1220.0660888777434,
            "sport_5": 1189.4141762388429
        }
    }
}