{
    "feature name": "Root mean square energy(volume)",
    "value": {
        "ads": {
            "ads_0": 0.030331935259507604,
            "ads_1": 0.08796064769616486,
            "ads_2": 0.09429961328547858,
            "ads_3": 0.06184498070783043
        },
        "cartoon": {
            "cartoon_0": 0.02495370212477174,
            "cartoon_1": 0.01697771127074892,
            "cartoon_2": 0.05544926572855149,
            "cartoon_3": 0.05790675781202653,
            "cartoon_4": 0.021993325275146035
        },
        "concerts": {
            "concerts_0": 0.02281560585779971,
            "concerts_1": 0.021369775352547166,
            "concerts_2": 0.059680315187251774,
            "concerts_3": 0.03266317762579511
        },
        "interview": {
            "interview_0": 0.021726503069165532,
            "interview_1": 0.032440283747122316,
            "interview_2": 0.06437096364778845,
            "interview_3": 0.02515717923305623,
            "interview_4": 0.053204420046544784,
            "interview_5": 0.023974747070826197
        },
        "movies": {
            "movies_0": 0.011458377687196653,
            "movies_1": 0.016650044168950367,
            "movies_2": 0.11941980521093441,
            "movies_3": 0.02444323121539205,
            "movies_4": 0.013575184660155233
        },
        "sport": {
            "sport_0": 0.033809579627854636,
            "sport_1": 0.09004759473995647,
            "sport_2": 0.03162621965908913,
            "sport_3": 0.04892901699359051,
            "sport_4": 0.08063168293606536,
            "sport_5": 0.06062749237523461
        }
    }
}