{
    "feature name": "Spectral Rolloff",
    "value": {
        "ads": {
            "ads_0": 3718.5752287914,
            "ads_1": 2290.82751897516,
            "ads_2": 2538.8159477592967,
            "ads_3": 2312.673522842824
        },
        "cartoon": {
            "cartoon_0": 1889.216389453806,
            "cartoon_1": 2124.3424516995933,
            "cartoon_2": 1158.2135658773968,
            "cartoon_3": 2124.7928847690296,
            "cartoon_4": 815.8468970166327
        },
        "concerts": {
            "concerts_0": 800.5321726557961,
            "concerts_1": 724.6717365448867,
            "concerts_2": 1747.90552594785,
            "concerts_3": 669.2559569745061
        },
        "interview": {
            "interview_0": 2772.553174707655,
            "interview_1": 2124.9180050660952,
            "interview_2": 1548.3636761875364,
            "interview_3": 1751.5340145627542,
            "interview_4": 2143.047936110909,
            "interview_5": 1852.4685582056218
        },
        "movies": {
            "movies_0": 2243.9449436646573,
            "movies_1": 2347.431941367664,
            "movies_2": 1748.8814642649622,
            "movies_3": 1728.762120496804,
            "movies_4": 2248.0363773787044
        },
        "sport": {
            "sport_0": 1866.582127714628,
            "sport_1": 1934.5349610509877,
            "sport_2": 1995.9815389399332,
            "sport_3": 2079.586921439207,
            "sport_4": 2197.487777364178,
            "sport_5": 2184.9256995387855
        }
    }
}