{
    "feature name": "Volume Dynamic Range",
    "value": {
        "ads": {
            "ads_0": 0.46486515284348756,
            "ads_1": 0.8193717033435137,
            "ads_2": 0.8085701228716434,
            "ads_3": 0.5642442733813555
        },
        "cartoon": {
            "cartoon_0": 0.8681165728813562,
            "cartoon_1": 0.8259489100712997,
            "cartoon_2": 0.7314474490972666,
            "cartoon_3": 0.7368348989731226,
            "cartoon_4": 0.6009036463040572
        },
        "concerts": {
            "concerts_0": 0.4079428380116438,
            "concerts_1": 0.754922513778393,
            "concerts_2": 0.8757804387655014,
            "concerts_3": 0.5388366824541336
        },
        "interview": {
            "interview_0": 0.9160928451097928,
            "interview_1": 0.9263024085607284,
            "interview_2": 0.8456604006962899,
            "interview_3": 0.9463822642962137,
            "interview_4": 0.8857179559194125,
            "interview_5": 0.8199676611484625
        },
        "movies": {
            "movies_0": 0.49031934447777575,
            "movies_1": 0.790675679842631,
            "movies_2": 0.469330384181096,
            "movies_3": 0.6233073343069125,
            "movies_4": 0.7185598332912494
        },
        "sport": {
            "sport_0": 0.7900768056129798,
            "sport_1": 0.7269234481530312,
            "sport_2": 0.6736497451097537,
            "sport_3": 0.8097221538042411,
            "sport_4": 0.4394756582302925,
            "sport_5": 0.5390870074431101
        }
    }
}