{
    "feature name": "Volume Standard deviation",
    "value": {
        "ads": {
            "ads_0": 0.10944763714304337,
            "ads_1": 0.23344191450339097,
            "ads_2": 0.23402705234594834,
            "ads_3": 0.14240234373853758
        },
        "cartoon": {
            "cartoon_0": 0.247443159421285,
            "cartoon_1": 0.23339960762323478,
            "cartoon_2": 0.19495631763950372,
            "cartoon_3": 0.19325308387096113,
            "cartoon_4": 0.15712067637688074
        },
        "concerts": {
            "concerts_0": 0.10455341809071027,
            "concerts_1": 0.20198253007271352,
            "concerts_2": 0.25587607595400935,
            "concerts_3": 0.1386403086093756
        },
        "interview": {
            "interview_0": 0.2817663279099342,
            "interview_1": 0.26451281018746203,
            "interview_2": 0.25314080027433544,
            "interview_3": 0.2947549256376731,
            "interview_4": 0.26047315353002304,
            "interview_5": 0.20597890859995133
        },
        "movies": {
            "movies_0": 0.12435647415427062,
            "movies_1": 0.21081159989803266,
            "movies_2": 0.11277770098203267,
            "movies_3": 0.15776068640825075,
            "movies_4": 0.173643375818546
        },
        "sport": {
            "sport_0": 0.21093198523307458,
            "sport_1": 0.19305720027440634,
            "sport_2": 0.18997874301977646,
            "sport_3": 0.2256013233310137,
            "sport_4": 0.10984998291883713,
            "sport_5": 0.13216984510803834
        }
    }
}