{
    "feature name": "Zero Crossing Rate",
    "value": {
        "ads": {
            "ads_0": 0.12106424317257408,
            "ads_1": 0.06559084017286461,
            "ads_2": 0.061557483839337596,
            "ads_3": 0.05619915746658919
        },
        "cartoon": {
            "cartoon_0": 0.049101063153689714,
            "cartoon_1": 0.05954931725740848,
            "cartoon_2": 0.038079128232132484,
            "cartoon_3": 0.05062463683904707,
            "cartoon_4": 0.02594558033120279
        },
        "concerts": {
            "concerts_0": 0.025481415238233586,
            "concerts_1": 0.022508034936083672,
            "concerts_2": 0.033574797537768736,
            "concerts_3": 0.027004421484601977
        },
        "interview": {
            "interview_0": 0.0664402963393376,
            "interview_1": 0.06857556925479373,
            "interview_2": 0.03338584035444509,
            "interview_3": 0.052599324520627544,
            "interview_4": 0.05044192148460198,
            "interview_5": 0.02465635894828588
        },
        "movies": {
            "movies_0": 0.051900239686228936,
            "movies_1": 0.05537523605461941,
            "movies_2": 0.02937007462957583,
            "movies_3": 0.029221405614468333,
            "movies_4": 0.046720089156013944
        },
        "sport": {
            "sport_0": 0.05911068691894247,
            "sport_1": 0.05902613850958745,
            "sport_2": 0.07776013673009878,
            "sport_3": 0.058941022661243465,
            "sport_4": 0.0678469775929692,
            "sport_5": 0.06274570108221963
        }
    }
}